[
  {
    "file": "azure/local.settings.json",
    "line": 4,
    "pattern": "azure_key_format",
    "description": "Azure storage/service keys (base64, 44 chars ending with =)",
    "sample": "v75p...GFA=",
    "full_match": "v75pR2c3cXYtuH6FMQnH+wY0tBaoDIB2L2ebyS4FGFA=",
    "context": "\"FUNCTIONS_WORKER_RUNTIME\": \"CfDJ8DXPoqXrYJtMtEmh8hQyKl1HFmOnzYvLcgabCf0q3rWF1jh0vpjjJBvsW943fYz41a6XoMquQXqYPrRlu2Zdrv0v75pR2c3cXYtuH6FMQnH+wY0tBaoDIB2L2ebyS4FGFA==\",",
    "entropy": 5.02,
    "category": "ENCRYPTED"
  },
  {
    "file": "azure/local.settings.json",
    "line": 5,
    "pattern": "azure_key_format",
    "description": "Azure storage/service keys (base64, 44 chars ending with =)",
    "sample": "gxE0...nVA=",
    "full_match": "gxE0ir6MUR4lvP0++GfMA8hInKW54rmg00iBPyfSnVA=",
    "context": "\"AzureWebJobsStorage\": \"CfDJ8DXPoqXrYJtMtEmh8hQyKl3fafoD6Hk5n/+x/saguntJlcHNEctMPjIAPZ8ZbWUomZVf363n+EfbL2RV/LsSY+NhRkEeTKaK9GxBASQdYaC0gxE0ir6MUR4lvP0++GfMA8hInKW54rmg00iBPyfSnVA=\",",
    "entropy": 4.82,
    "category": "ENCRYPTED"
  },
  {
    "file": "azure/local.settings.json",
    "line": 8,
    "pattern": "azure_key_format",
    "description": "Azure storage/service keys (base64, 44 chars ending with =)",
    "sample": "G81O...1wg=",
    "full_match": "G81OSoMcBbTZHVZXwjNhlZ7Z5vnmdj38tl3zIt121wg=",
    "context": "\"AZURE_OPENAI_DEPLOYMENT\": \"CfDJ8DXPoqXrYJtMtEmh8hQyKl2WOvDMCLScs8JV9XzMH8WUbaT6WdE6MNK1UAIJ1PjvB/M5uN3XKK9Mdi30SuBe8kcG81OSoMcBbTZHVZXwjNhlZ7Z5vnmdj38tl3zIt121wg==\",",
    "entropy": 4.9,
    "category": "ENCRYPTED"
  },
  {
    "file": "azure/local.settings.json",
    "line": 10,
    "pattern": "azure_key_format",
    "description": "Azure storage/service keys (base64, 44 chars ending with =)",
    "sample": "f+k8.../kA=",
    "full_match": "f+k8cpFaDqBjhJ1ez+ZF9k2IVs4alODencKiGZQ4/kA=",
    "context": "\"SPEECH_ENDPOINT\": \"CfDJ8DXPoqXrYJtMtEmh8hQyKl1EqZWdutbT5rq85XeSHS08maoIab7JKUcksyVH5byGjpTk2WANpLaRgbm+0HR7Y5CHmo1aP7w+AEL4ONAVeWVb+HPd4djjgvgRKGPRwIq2B7LddwZsGDRABP4r0o+Tb/uf+k8cpFaDqBjhJ1ez+ZF9k2IV...",
    "entropy": 4.99,
    "category": "ENCRYPTED"
  },
  {
    "file": "azure/local.settings.json",
    "line": 4,
    "pattern": "cfdj_prefix",
    "description": "ASP.NET Core Data Protection keys (CfDJ prefix)",
    "sample": "CfDJ...MQnH",
    "full_match": "CfDJ8DXPoqXrYJtMtEmh8hQyKl1HFmOnzYvLcgabCf0q3rWF1jh0vpjjJBvsW943fYz41a6XoMquQXqYPrRlu2Zdrv0v75pR2c3cXYtuH6FMQnH",
    "context": "\"FUNCTIONS_WORKER_RUNTIME\": \"CfDJ8DXPoqXrYJtMtEmh8hQyKl1HFmOnzYvLcgabCf0q3rWF1jh0vpjjJBvsW943fYz41a6XoMquQXqYPrRlu2Zdrv0v75pR2c3cXYtuH6FMQnH+wY0tBaoDIB2L2ebyS4FGFA==\",",
    "entropy": 5.45,
    "category": "ENCRYPTED"
  },
  {
    "file": "azure/local.settings.json",
    "line": 5,
    "pattern": "cfdj_prefix",
    "description": "ASP.NET Core Data Protection keys (CfDJ prefix)",
    "sample": "CfDJ...Hk5n",
    "full_match": "CfDJ8DXPoqXrYJtMtEmh8hQyKl3fafoD6Hk5n",
    "context": "\"AzureWebJobsStorage\": \"CfDJ8DXPoqXrYJtMtEmh8hQyKl3fafoD6Hk5n/+x/saguntJlcHNEctMPjIAPZ8ZbWUomZVf363n+EfbL2RV/LsSY+NhRkEeTKaK9GxBASQdYaC0gxE0ir6MUR4lvP0++GfMA8hInKW54rmg00iBPyfSnVA=\",",
    "entropy": 4.63,
    "category": "ENCRYPTED"
  },
  {
    "file": "azure/local.settings.json",
    "line": 6,
    "pattern": "cfdj_prefix",
    "description": "ASP.NET Core Data Protection keys (CfDJ prefix)",
    "sample": "CfDJ...M26J",
    "full_match": "CfDJ8DXPoqXrYJtMtEmh8hQyKl1ZmESimz2GQ3ysNAAciY6HlbWfB1HrFVguucWsXmLKFjA19ttboYL1ztAtqcGaKvmoEK8k72M26J",
    "context": "\"AZURE_OPENAI_KEY\": \"CfDJ8DXPoqXrYJtMtEmh8hQyKl1ZmESimz2GQ3ysNAAciY6HlbWfB1HrFVguucWsXmLKFjA19ttboYL1ztAtqcGaKvmoEK8k72M26J/yus72O2lnR6o3u102msNUZIu2rRIWA+Y2DbChtzgzPDwtTEaYfUOjNcchd2uZVkJMC9lyvQw+\",",
    "entropy": 5.41,
    "category": "ENCRYPTED"
  },
  {
    "file": "azure/local.settings.json",
    "line": 7,
    "pattern": "cfdj_prefix",
    "description": "ASP.NET Core Data Protection keys (CfDJ prefix)",
    "sample": "CfDJ...DLmU",
    "full_match": "CfDJ8DXPoqXrYJtMtEmh8hQyKl2BNMHUPmaX45AATcvd03DLmU",
    "context": "\"AZURE_OPENAI_ENDPOINT\": \"CfDJ8DXPoqXrYJtMtEmh8hQyKl2BNMHUPmaX45AATcvd03DLmU/CHxQsuK78MT86StLP8+HpPagPsQSh8ov29USueQuWYEPnR4MoXEGK0C4DN2mkBbKSF34B9SFOLDrfYhQEp+P2GfPA1T3SLLSYrcE7iA0+1/sc+4+1qZd7Lms3gD...",
    "entropy": 5.04,
    "category": "ENCRYPTED"
  },
  {
    "file": "azure/local.settings.json",
    "line": 8,
    "pattern": "cfdj_prefix",
    "description": "ASP.NET Core Data Protection keys (CfDJ prefix)",
    "sample": "CfDJ...PjvB",
    "full_match": "CfDJ8DXPoqXrYJtMtEmh8hQyKl2WOvDMCLScs8JV9XzMH8WUbaT6WdE6MNK1UAIJ1PjvB",
    "context": "\"AZURE_OPENAI_DEPLOYMENT\": \"CfDJ8DXPoqXrYJtMtEmh8hQyKl2WOvDMCLScs8JV9XzMH8WUbaT6WdE6MNK1UAIJ1PjvB/M5uN3XKK9Mdi30SuBe8kcG81OSoMcBbTZHVZXwjNhlZ7Z5vnmdj38tl3zIt121wg==\",",
    "entropy": 5.26,
    "category": "ENCRYPTED"
  },
  {
    "file": "azure/local.settings.json",
    "line": 9,
    "pattern": "cfdj_prefix",
    "description": "ASP.NET Core Data Protection keys (CfDJ prefix)",
    "sample": "CfDJ...FgDa",
    "full_match": "CfDJ8DXPoqXrYJtMtEmh8hQyKl2FgDa",
    "context": "\"SPEECH_KEY\": \"CfDJ8DXPoqXrYJtMtEmh8hQyKl2FgDa+QWhb0lsxE3XZyy6mOJHw3QZD+L8/Eoy//PSsaq6ldFMcgLLyusSx9eVYUhPYGs3NU13V8a4PfqzzawKSmMAP+V7CKVNoiG3FtixOM/G8FxKEJNZ1hKVPAeBSTzHBYUq8ACHJC0EgaVYoPeNL\",",
    "entropy": 4.48,
    "category": "ENCRYPTED"
  },
  {
    "file": "azure/local.settings.json",
    "line": 10,
    "pattern": "cfdj_prefix",
    "description": "ASP.NET Core Data Protection keys (CfDJ prefix)",
    "sample": "CfDJ...Rgbm",
    "full_match": "CfDJ8DXPoqXrYJtMtEmh8hQyKl1EqZWdutbT5rq85XeSHS08maoIab7JKUcksyVH5byGjpTk2WANpLaRgbm",
    "context": "\"SPEECH_ENDPOINT\": \"CfDJ8DXPoqXrYJtMtEmh8hQyKl1EqZWdutbT5rq85XeSHS08maoIab7JKUcksyVH5byGjpTk2WANpLaRgbm+0HR7Y5CHmo1aP7w+AEL4ONAVeWVb+HPd4djjgvgRKGPRwIq2B7LddwZsGDRABP4r0o+Tb/uf+k8cpFaDqBjhJ1ez+ZF9k2IV...",
    "entropy": 5.43,
    "category": "ENCRYPTED"
  },
  {
    "file": "azure/test-voice-function.js",
    "line": 12,
    "pattern": "hex_32_40_chars",
    "description": "32-40 character hex strings (API keys, tokens)",
    "sample": "1cf6...0f1d",
    "full_match": "1cf6caef55794eee9f30306e217d0f1d",
    "context": "apiKey: '1cf6caef55794eee9f30306e217d0f1d', // Replace with actual key",
    "entropy": 3.65,
    "category": "TEST_DATA"
  },
  {
    "file": "azure/test-voice-function.js",
    "line": 16,
    "pattern": "hex_32_40_chars",
    "description": "32-40 character hex strings (API keys, tokens)",
    "sample": "1cf6...0f1d",
    "full_match": "1cf6caef55794eee9f30306e217d0f1d",
    "context": "'api-key': '1cf6caef55794eee9f30306e217d0f1d',",
    "entropy": 3.65,
    "category": "TEST_DATA"
  },
  {
    "file": "azure/test-voice-function.js",
    "line": 35,
    "pattern": "hex_32_40_chars",
    "description": "32-40 character hex strings (API keys, tokens)",
    "sample": "14ea...d2ad",
    "full_match": "14ea2036305b4811bc3b0bcb4df6d2ad",
    "context": "'14ea2036305b4811bc3b0bcb4df6d2ad', // Replace with actual key",
    "entropy": 3.64,
    "category": "TEST_DATA"
  },
  {
    "file": "azure/test-voice-function.js",
    "line": 12,
    "pattern": "api_key_patterns",
    "description": "API key variable assignments",
    "sample": "apiK...0f1d",
    "full_match": "apiKey: '1cf6caef55794eee9f30306e217d0f1d",
    "context": "apiKey: '1cf6caef55794eee9f30306e217d0f1d', // Replace with actual key",
    "entropy": 4.16,
    "category": "TEST_DATA"
  },
  {
    "file": "azure/test-voice-function.js",
    "line": 16,
    "pattern": "api_key_patterns",
    "description": "API key variable assignments",
    "sample": "api-...0f1d",
    "full_match": "api-key': '1cf6caef55794eee9f30306e217d0f1d",
    "context": "'api-key': '1cf6caef55794eee9f30306e217d0f1d',",
    "entropy": 4.24,
    "category": "TEST_DATA"
  },
  {
    "file": "lighthouse-report.json",
    "line": 350,
    "pattern": "hex_32_40_chars",
    "description": "32-40 character hex strings (API keys, tokens)",
    "sample": "075F...0E61",
    "full_match": "075F16C48FEA3BD3B03A057167DC0E61",
    "context": "\"075F16C48FEA3BD3B03A057167DC0E61\": {",
    "entropy": 3.72,
    "category": "PRODUCTION"
  },
  {
    "file": "lighthouse-report.json",
    "line": 359,
    "pattern": "hex_32_40_chars",
    "description": "32-40 character hex strings (API keys, tokens)",
    "sample": "075F...0E61",
    "full_match": "075F16C48FEA3BD3B03A057167DC0E61",
    "context": "\"075F16C48FEA3BD3B03A057167DC0E61:redirect\": {",
    "entropy": 3.72,
    "category": "PRODUCTION"
  },
  {
    "file": "lighthouse-report.json",
    "line": 6416,
    "pattern": "hex_32_40_chars",
    "description": "32-40 character hex strings (API keys, tokens)",
    "sample": "075F...0E61",
    "full_match": "075F16C48FEA3BD3B03A057167DC0E61",
    "context": "\"075F16C48FEA3BD3B03A057167DC0E61\": {",
    "entropy": 3.72,
    "category": "PRODUCTION"
  },
  {
    "file": "lighthouse-report.json",
    "line": 6437,
    "pattern": "hex_32_40_chars",
    "description": "32-40 character hex strings (API keys, tokens)",
    "sample": "075F...0E61",
    "full_match": "075F16C48FEA3BD3B03A057167DC0E61",
    "context": "\"075F16C48FEA3BD3B03A057167DC0E61\": {",
    "entropy": 3.72,
    "category": "PRODUCTION"
  },
  {
    "file": "lighthouse-report.json",
    "line": 1465,
    "pattern": "api_key_patterns",
    "description": "API key variable assignments",
    "sample": "apiK...S0S8",
    "full_match": "apiKey=AIzaSyAsTYUzEURUz1LaQWSwreqc7fnoN-WS0S8",
    "context": "\"url\": \"https://prepbettr.firebaseapp.com/__/auth/iframe?apiKey=AIzaSyAsTYUzEURUz1LaQWSwreqc7fnoN-WS0S8&appName=%5BDEFAULT%5D&v=11.7.1&eid=p&usegapi=1&jsh=m%3B%2F_%2Fscs%2Fabc-static%2F_%2Fjs%2Fk%3Dga...",
    "entropy": 4.87,
    "category": "PRODUCTION"
  },
  {
    "file": "lighthouse-report.json",
    "line": 1617,
    "pattern": "api_key_patterns",
    "description": "API key variable assignments",
    "sample": "apiK...S0S8",
    "full_match": "apiKey=AIzaSyAsTYUzEURUz1LaQWSwreqc7fnoN-WS0S8",
    "context": "\"url\": \"https://prepbettr.firebaseapp.com/__/auth/iframe?apiKey=AIzaSyAsTYUzEURUz1LaQWSwreqc7fnoN-WS0S8&appName=%5BDEFAULT%5D&v=11.7.1&eid=p&usegapi=1&jsh=m%3B%2F_%2Fscs%2Fabc-static%2F_%2Fjs%2Fk%3Dga...",
    "entropy": 4.87,
    "category": "PRODUCTION"
  },
  {
    "file": "lighthouse-report.json",
    "line": 2190,
    "pattern": "api_key_patterns",
    "description": "API key variable assignments",
    "sample": "apiK...S0S8",
    "full_match": "apiKey=AIzaSyAsTYUzEURUz1LaQWSwreqc7fnoN-WS0S8",
    "context": "\"url\": \"https://prepbettr.firebaseapp.com/__/auth/iframe?apiKey=AIzaSyAsTYUzEURUz1LaQWSwreqc7fnoN-WS0S8&appName=%5BDEFAULT%5D&v=11.7.1&eid=p&usegapi=1&jsh=m%3B%2F_%2Fscs%2Fabc-static%2F_%2Fjs%2Fk%3Dga...",
    "entropy": 4.87,
    "category": "PRODUCTION"
  },
  {
    "file": "playwright-report/index.html",
    "line": 49,
    "pattern": "azure_key_format",
    "description": "Azure storage/service keys (base64, 44 chars ending with =)",
    "sample": "BqRs...YII=",
    "full_match": "BqRst1pZWekkFv8Hec4VhyV0on0AAAAASUVORK5CYII=",
    "context": "`+u.stack}return{value:e,source:t,stack:o,digest:null}}function ho(e,t,n){return{value:e,source:null,stack:n??null,digest:t??null}}function mo(e,t){try{console.error(t.value)}catch(n){setTimeout(funct...",
    "entropy": 4.86,
    "category": "PRODUCTION"
  }
]